<?xml version="1.0"?>
<schema version="0.3">
    <table name="btFaq">
        <field name="bID" type="I">
            <KEY/>
            <UNSIGNED/>
        </field>
        <field name="blockTitle" type="C" size="255"></field>
    </table>
    <table name="btFaqEntries">
        <field name="id" type="I">
            <UNSIGNED/>
            <key/>
            <AUTOINCREMENT/>
        </field>
        <field name="bID" type="I">
            <UNSIGNED/>
        </field>
        <field name="linkTitle" type="C" size="255"/>
        <field name="title" type="C" size="255"/>
        <field name="sortOrder" type="I"/>
        <field name="description" type="X2"/>
        <index name="bID">
            <col>bID</col>
            <col>sortOrder</col>
        </index>
    </table>
</schema>
