<?xml version="1.0"?>
<schema version="0.3">
    <table name="btImageSlider">
        <field name="bID" type="I"><KEY/><UNSIGNED/></field>
        <field name="navigationType" type="I"><UNSIGNED /><default value="0" /></field>
    </table>
    <table name="btImageSliderEntries">
        <field name="id" type="I"><UNSIGNED/><key/><AUTOINCREMENT/></field>
        <field name="bID" type="I"><UNSIGNED /></field>
        <field name="cID" type="I"><UNSIGNED /><default value="0" /></field>
        <field name="fID" type="I"><UNSIGNED /><default value="0" /></field>
		<field name="linkURL"  type="C" size="255"/>
		<field name="internalLinkCID"  type="I">
			<unsigned />
			<default value="0" />
		</field>
        <field name="title" type="X2"></field>
        <field name="description" type="X2"></field>
        <field name="sortOrder" type="I"></field>
    </table>
</schema>