<?xml version="1.0"?>
<schema version="0.3">
	<table name="btGoogleMap">
		<field name="bID" type="I">
			<key />
			<unsigned />
		</field>
		<field name="title" type="C" size="255"></field>		
		<field name="location" type="C" size="255"></field>	
		<field name="latitude" type="F"></field>
		<field name="longitude" type="F"></field>	
		<field name="zoom" type="I" size="3"></field>
        <field name="width" type="C" size="8">
            <default value="100%"/>
        </field>	
        <field name="height" type="C" size="8">
            <default value="400px"/>
        </field>
            <field name="scrollwheel" type="I1">
            <unsigned />
            <notnull />
            <default value="1" />
        </field>
	</table>
</schema>