<?xml version="1.0"?>
<schema version="0.3">
	<table name="btSocialLinks">
		<field name="btSocialLinkID" type="I">
			<key />
			<unsigned />
            <autoincrement />
		</field>
		<field name="bID" type="I">
			<unsigned />
			<default value="0"/>
		</field>
        <field name="slID" type="I">
            <unsigned />
            <default value="0"/>
        </field>
        <field name="displayOrder" type="I">
            <unsigned />
            <default value="0"/>
        </field>
        <index name="bID">
            <col>bID</col>
            <col>displayOrder</col>
        </index>
        <index name="slID">
            <col>slID</col>
        </index>
	</table>
</schema>
