<?xml version="1.0"?>
<schema version="0.3">
	<table name="btPageList">
		<field name="bID" type="I">
			<key />
			<unsigned />
		</field>
		<field name="num" type="I2">
			<unsigned />
			<notnull />
		</field>
		<field name="orderBy" type="C" size="32">
			<descr>Was enum, display_asc','display_desc','chrono_asc','chrono_desc','alpha_asc','alpha_desc','score_asc','score_desc'</descr>
		</field>
		<field name="cParentID" type="I">
			<unsigned />
			<notnull />
			<default value="1" />
		</field>
		<field name="cThis" type="I1">
			<unsigned />
			<notnull />
			<default value="0" />
		</field>
        <field name="useButtonForLink" type="I1">
            <unsigned />
            <notnull />
            <default value="0" />
        </field>
        <field name="buttonLinkText" type="C" size="255">
        </field>
        <field name="pageListTitle" type="C" size="255">
        </field>
        <field name="relatedTopicAttributeKeyHandle" type="C" size="255">
        </field>
        <field name="includeName" type="I1">
            <unsigned />
            <notnull />
            <default value="1" />
        </field>
        <field name="includeDescription" type="I1">
            <unsigned />
            <notnull />
            <default value="1" />
        </field>
        <field name="includeDate" type="I1">
            <unsigned />
            <notnull />
            <default value="0" />
        </field>
        <field name="includeAllDescendents" type="I1">
			<unsigned />
			<notnull />
			<default value="0" />
		</field>
		<field name="paginate" type="I1">
			<unsigned />
			<notnull />
			<default value="0" />
		</field>
		<field name="displayAliases" type="I1">
			<unsigned />
			<notnull />
			<default value="1" />
		</field>
        <field name="enableExternalFiltering" type="I1">
            <unsigned />
            <notnull />
            <default value="0" />
        </field>
        <field name="filterByRelated" type="I1">
            <unsigned />
            <notnull />
            <default value="0" />
        </field>
		<field name="ptID" type="I2">
			<unsigned />
		</field>
		<field name="pfID" type="I">
			<default value="0"/>
		</field>
		<field name="truncateSummaries" type="I">
			<default value="0"/>
		</field>
		<field name="displayFeaturedOnly" type="I1">
			<default value="0"/>
		</field>
        <field name="noResultsMessage" type="C" size="255">
        </field>
        <field name="displayThumbnail" type="I1">
            <default value="0"/>
        </field>
		<field name="truncateChars" type="I">
			<default value="128"/>
		</field>
        <index name="ptID">
            <col>ptID</col>
        </index>
	</table>
</schema>