<?xml version="1.0"?>
<schema version="0.3">
	<table name="btSurvey">
		<field name="bID" type="I">
			<key />
			<unsigned />
		</field>
		<field name="question" type="C" size="255">
			<default value=""/>
		</field>
		<field name="requiresRegistration" type="I">
			<default value="0"/>
		</field>
	</table>
	<table name="btSurveyOptions">
		<field name="optionID" type="I">
			<key/>
			<unsigned/>
			<autoincrement/>
		</field>
		<field name="bID" type="I" />	
		<field name="optionName" type="C" size="255" />
		<field name="displayOrder" type="I">
			<default value="0"/>
		</field>
        <index name="bID">
            <col>bID</col>
            <col>displayOrder</col>
        </index>
	</table>
	<table name="btSurveyResults">
		<field name="resultID" type="I">
			<key/>
			<unsigned/>
			<autoincrement/>
		</field>
		<field name="optionID" type="I">
			<unsigned/>
			<default value="0"/>
		</field>
		<field name="uID" type="I">
			<unsigned/>
			<default value="0"/>
		</field>
		<field name="bID" type="I" />	
		<field name="cID" type="I" />	
		<field name="ipAddress" type="C" size="128" />
		<field name="timestamp" type="T">
			<deftimestamp/>
		</field>
        <index name="optionID">
            <col>optionID</col>
        </index>
        <index name="cID">
            <col>cID</col>
            <col>optionID</col>
            <col>bID</col>
        </index>
        <index name="bID">
            <col>bID</col>
            <col>cID</col>
            <col>uID</col>
        </index>
        <index name="uID">
            <col>uID</col>
        </index>
	</table>
</schema>



