<?xml version="1.0"?>
<schema version="0.3">
	<table name="btDiscussion">
		<field name="bID" type="I">
			<key />
			<unsigned />
		</field>
		<field name="cnvDiscussionID" type="I">
		</field>
		<field name="ptID" type="I">
			<unsigned />
			<default value="0" />
		</field>
		<field name="enableNewTopics" type="I">
			<default value="1"/>
		</field>
		<field name="itemsPerPage" type="I2">
			<unsigned />
			<notnull />
			<default value="50" />
		</field>
		<field name="orderBy" type="C" size="255">
			<notnull />
			<default value="date_desc" />
		</field>
		<field name="enableOrdering" type="I1">
			<unsigned />
			<notnull />
			<default value="1" />
		</field>
        <index name="cnvDiscussionID">
            <col>cnvDiscussionID</col>
        </index>
        <index name="ptID">
            <col>ptID</col>
        </index>
	</table>
</schema>