<?xml version="1.0"?>
<concrete5-cif version="1.0">
    <singlepages>
        <page name="Dashboard" path="/dashboard" filename="/dashboard/view.php" pagetype="" description="" package="" root="true">
            <attributes>
                <attributekey handle="icon_dashboard">
                    <value>fa fa-th-large</value>
                </attributekey>
            </attributes>
        </page>

        <page name="Sitemap" path="/dashboard/sitemap" filename="/dashboard/sitemap/view.php" pagetype=""
              description="Whole world at a glance." package="">
            <attributes>
                <attributekey handle="meta_keywords">
                    <value>pages, add page, delete page, copy, move, alias</value>
                </attributekey>
            </attributes>
        </page>
        <page name="Full Sitemap" path="/dashboard/sitemap/full" filename="/dashboard/sitemap/full.php" pagetype=""
              description="" package="">
            <attributes>
                <attributekey handle="meta_keywords">
                    <value>pages, add page, delete page, copy, move, alias</value>
                </attributekey>
            </attributes>
        </page>
        <page name="Flat View" path="/dashboard/sitemap/explore" filename="/dashboard/sitemap/explore.php" pagetype=""
              description="" package="">
            <attributes>
                <attributekey handle="meta_keywords">
                    <value>pages, add page, delete page, copy, move, alias, bulk</value>
                </attributekey>
            </attributes>
        </page>
        <page name="Page Search" path="/dashboard/sitemap/search" filename="/dashboard/sitemap/search.php" pagetype=""
              description="" package="">
            <attributes>
                <attributekey handle="meta_keywords">
                    <value>find page, search page, search, find, pages, sitemap</value>
                </attributekey>
            </attributes>
        </page>
        <page name="Files" path="/dashboard/files" filename="/dashboard/files/view.php" pagetype=""
              description="All documents and images." package=""/>
        <page name="File Manager" path="/dashboard/files/search" filename="/dashboard/files/search.php" pagetype=""
              description="" package="">
            <attributes>
                <attributekey handle="meta_keywords">
                    <value>add file, delete file, copy, move, alias, resize, crop, rename, images, title, attribute</value>
                </attributekey>
            </attributes>
        </page>
        <page name="Attributes" path="/dashboard/files/attributes" filename="/dashboard/files/attributes.php"
              pagetype="" description="" package="">
            <attributes>
                <attributekey handle="meta_keywords">
                    <value>file, file attributes, title, attribute, description, rename</value>
                </attributekey>
            </attributes>
        </page>
        <page name="File Sets" path="/dashboard/files/sets" filename="/dashboard/files/sets.php" pagetype=""
              description="" package="">
            <attributes>
                <attributekey handle="meta_keywords">
                    <value>files, category, categories</value>
                </attributekey>
            </attributes>
        </page>
        <page name="Add File Set" path="/dashboard/files/add_set" filename="/dashboard/files/add_set.php" pagetype=""
              description="" package="">
            <attributes>
                <attributekey handle="exclude_nav">
                    <value><![CDATA[1]]></value>
                </attributekey>
                <attributekey handle="meta_keywords">
                    <value>new file set</value>
                </attributekey>
            </attributes>
        </page>
        <page name="Members" path="/dashboard/users" filename="/dashboard/users/view.php" pagetype=""
              description="Add and manage the user accounts and groups on your website." package="">
            <attributes>
                <attributekey handle="meta_keywords">
                    <value>users, groups, people, find, delete user, remove user, change password, password</value>
                </attributekey>
            </attributes>
        </page>
        <page name="Search Users" path="/dashboard/users/search" filename="/dashboard/users/search.php" pagetype=""
              description="" package="">
            <attributes>
                <attributekey handle="meta_keywords">
                    <value>find, search, people, delete user, remove user, change password, password</value>
                </attributekey>
            </attributes>
        </page>
        <page name="User Groups" path="/dashboard/users/groups" filename="/dashboard/users/groups.php" pagetype=""
              description="" package="">
            <attributes>
                <attributekey handle="meta_keywords">
                    <value>user, group, people, permissions, expire, badges</value>
                </attributekey>
            </attributes>
        </page>
        <page name="Attributes" path="/dashboard/users/attributes" filename="/dashboard/users/attributes.php"
              pagetype="" description="" package="">
            <attributes>
                <attributekey handle="meta_keywords">
                    <value>user attributes, user data, gather data, registration data</value>
                </attributekey>
            </attributes>
        </page>
        <page name="Add User" path="/dashboard/users/add" filename="/dashboard/users/add.php" pagetype="" description=""
              package="">
            <attributes>
                <attributekey handle="meta_keywords">
                    <value>new user, create</value>
                </attributekey>
                <attributekey handle="exclude_nav">
                    <value><![CDATA[1]]></value>
                </attributekey>
            </attributes>
        </page>
        <page name="Add Group" path="/dashboard/users/add_group" filename="/dashboard/users/add_group.php" pagetype=""
              description="" package="">
            <attributes>
                <attributekey handle="meta_keywords">
                    <value>new user group, new group, group, create</value>
                </attributekey>
                <attributekey handle="exclude_nav">
                    <value><![CDATA[1]]></value>
                </attributekey>
            </attributes>
        </page>
        <page name="Move Multiple Groups" path="/dashboard/users/groups/bulkupdate"
              filename="/dashboard/users/groups/bulkupdate.php" pagetype="" description="" package="">
        </page>
        <page name="Group Sets" path="/dashboard/users/group_sets" filename="/dashboard/users/group_sets.php"
              pagetype="" description="" package="">
            <attributes>
                <attributekey handle="meta_keywords">
                    <value>group set</value>
                </attributekey>
            </attributes>
        </page>
        <page name="Community Points" path="/dashboard/users/points" filename="/dashboard/users/points/view.php"
              pagetype="" package="">
            <attributes>
                <attributekey handle="meta_keywords">
                    <value>community, points, karma</value>
                </attributekey>
            </attributes>
        </page>
        <page name="Assign Points" path="/dashboard/users/points/assign" filename="/dashboard/users/points/assign.php"
              pagetype="" package="">
        </page>
        <page name="Actions" path="/dashboard/users/points/actions" filename="/dashboard/users/points/actions.php"
              pagetype="" package="">
            <attributes>
                <attributekey handle="meta_keywords">
                    <value>action, community actions</value>
                </attributekey>
            </attributes>
        </page>

        <page name="Reports" path="/dashboard/reports" filename="/dashboard/reports.php" pagetype=""
              description="Get data from forms and logs." package="">
            <attributes>
                <attributekey handle="meta_keywords">
                    <value>forms, log, error, email, mysql, exception, survey</value>
                </attributekey>
            </attributes>
        </page>
        <!--
        <page name="Statistics" path="/dashboard/reports/statistics" filename="/dashboard/reports/statistics.php"
              pagetype="" description="View your site activity." package="">
            <attributes>
                <attributekey handle="meta_keywords">
                    <value>hits, pageviews, visitors, activity</value>
                </attributekey>
            </attributes>
        </page>
        //-->
        <page name="Form Results" path="/dashboard/reports/forms" filename="/dashboard/reports/forms.php" pagetype=""
              description="Get submission data." package="">
            <attributes>
                <attributekey handle="meta_keywords">
                    <value>forms, questions, response, data</value>
                </attributekey>
            </attributes>
        </page>
        <page name="Surveys" path="/dashboard/reports/surveys" filename="/dashboard/reports/surveys.php" pagetype=""
              description="" package="">
            <attributes>
                <attributekey handle="meta_keywords">
                    <value>questions, quiz, response</value>
                </attributekey>
            </attributes>
        </page>
        <page name="Logs" path="/dashboard/reports/logs" filename="/dashboard/reports/logs.php" pagetype=""
              description="" package="">
            <attributes>
                <attributekey handle="meta_keywords">
                    <value>forms, log, error, email, mysql, exception, survey, history</value>
                </attributekey>
            </attributes>
        </page>

        <page name="Pages &amp; Themes" path="/dashboard/pages" filename="/dashboard/pages/view.php" pagetype="" description="Reskin your site." package="" />
        <page name="Themes" path="/dashboard/pages/themes" filename="/dashboard/pages/themes/view.php" pagetype=""
              description="Reskin your site." package="">
            <attributes>
                <attributekey handle="meta_keywords">
                    <value>new theme, theme, active theme, change theme, template, css</value>
                </attributekey>
            </attributes>
        </page>
        <page name="Inspect" path="/dashboard/pages/themes/inspect" filename="/dashboard/pages/themes/inspect.php"
              pagetype="" description="" package="">
            <attributes>
                <attributekey handle="meta_keywords">
                    <value>page types</value>
                </attributekey>
                <attributekey handle="exclude_nav">
                    <value><![CDATA[1]]></value>
                </attributekey>
            </attributes>
        </page>

        <page name="Page Types" path="/dashboard/pages/types" filename="/dashboard/pages/types/view.php" pagetype=""
              description="" package="">
        </page>

        <page name="Organize Page Type Order" path="/dashboard/pages/types/organize" filename="/dashboard/pages/types/organize.php" pagetype=""
              description="" package="">
            <attributes>
                <attributekey handle="exclude_nav">
                    <value><![CDATA[1]]></value>
                </attributekey>
            </attributes>
        </page>

        <page name="Add Page Type" path="/dashboard/pages/types/add" filename="/dashboard/pages/types/add.php"
              pagetype="" description="" package="">
            <attributes>
                <attributekey handle="exclude_nav">
                    <value><![CDATA[1]]></value>
                </attributekey>
            </attributes>

        </page>

        <page name="Compose Form" path="/dashboard/pages/types/form" filename="/dashboard/pages/types/form.php"
              pagetype="" description="" package="">
            <attributes>
                <attributekey handle="exclude_nav">
                    <value><![CDATA[1]]></value>
                </attributekey>
            </attributes>
        </page>

        <page name="Defaults and Output" path="/dashboard/pages/types/output"
              filename="/dashboard/pages/types/output.php" pagetype="" description="" package="">
            <attributes>
                <attributekey handle="exclude_nav">
                    <value><![CDATA[1]]></value>
                </attributekey>
            </attributes>
        </page>

        <page name="Page Type Attributes" path="/dashboard/pages/types/attributes"
              filename="/dashboard/pages/types/attributes.php" pagetype="" description="" package="">
            <attributes>
                <attributekey handle="exclude_nav">
                    <value><![CDATA[1]]></value>
                </attributekey>
            </attributes>
        </page>

        <page name="Page Type Permissions" path="/dashboard/pages/types/permissions"
              filename="/dashboard/pages/types/permissions.php" pagetype="" description="" package="">
            <attributes>
                <attributekey handle="exclude_nav">
                    <value><![CDATA[1]]></value>
                </attributekey>
            </attributes>
        </page>

        <page name="Page Templates" path="/dashboard/pages/templates" filename="/dashboard/pages/templates/view.php"
              pagetype="" description="Form factors for pages in your site." package="" />
        <page name="Add Page Template" path="/dashboard/pages/templates/add"
              filename="/dashboard/pages/templates/add.php" pagetype="" description="Add page templates to your site."
              package="">
            <attributes>
                <attributekey handle="exclude_nav">
                    <value><![CDATA[1]]></value>
                </attributekey>
            </attributes>
        </page>
        <page name="Attributes" path="/dashboard/pages/attributes" filename="/dashboard/pages/attributes.php"
              pagetype="" description="" package="">
            <attributes>
                <attributekey handle="meta_keywords">
                    <value>page attributes, custom</value>
                </attributekey>
            </attributes>
        </page>
        <page name="Single Pages" path="/dashboard/pages/single" filename="/dashboard/pages/single.php" pagetype=""
              description="" package="">
            <attributes>
                <attributekey handle="meta_keywords">
                    <value>single, page, custom, application</value>
                </attributekey>
            </attributes>
        </page>

        <page name="RSS Feeds" path="/dashboard/pages/feeds" filename="/dashboard/pages/feeds.php" pagetype=""
              description="" package="">
            <attributes>
                <attributekey handle="meta_keywords">
                    <value>atom, rss, feed, syndication</value>
                </attributekey>
            </attributes>
        </page>

        <page name="Conversations" path="/dashboard/conversations" filename="/dashboard/conversations/view.php" pagetype="" description="" package=""></page>
        <page name="Messages" path="/dashboard/conversations/messages" filename="/dashboard/conversations/messages.php" pagetype="" description="" package="">
			<attributes>
				<attributekey handle="icon_dashboard">
					<value>icon-bullhorn</value>
				</attributekey>
			</attributes>
        </page>

        <page name="Workflow" path="/dashboard/workflow" filename="/dashboard/workflow/view.php" pagetype=""
              description="" package="">
            <attributes>
                <attributekey handle="meta_keywords">
                    <value>add workflow, remove workflow</value>
                </attributekey>
            </attributes>
        </page>
        <page name="Waiting for Me" path="/dashboard/workflow/me" filename="/dashboard/workflow/me.php" pagetype=""
              description="" package="" />
        <page name="Workflow List" path="/dashboard/workflow/workflows" filename="/dashboard/workflow/workflows.php"
              pagetype="" description="" package="" />
        <page name="Stacks &amp; Blocks" path="/dashboard/blocks" filename="/dashboard/blocks/view.php" pagetype=""
              description="Manage sitewide content and administer block types." package=""/>
        <page name="Stacks" path="/dashboard/blocks/stacks" filename="/dashboard/blocks/stacks/view.php" pagetype=""
              description="Share content across your site." package="">
            <attributes>
                <attributekey handle="meta_keywords">
                    <value>stacks, reusable content, scrapbook, copy, paste, paste block, copy block, site name, logo</value>
                </attributekey>
            </attributes>

        </page>
        <page name="Block &amp; Stack Permissions" path="/dashboard/blocks/permissions"
              filename="/dashboard/blocks/permissions.php" pagetype=""
              description="Control who can add blocks and stacks on your site." package="" />
        <page name="Stack List" path="/dashboard/blocks/stacks/list" filename="/dashboard/blocks/stacks/list/view.php"
              pagetype="" description="" package="">
            <attributes>
                <attributekey handle="exclude_nav">
                    <value><![CDATA[1]]></value>
                </attributekey>
                <attributekey handle="exclude_search_index">
                    <value><![CDATA[1]]></value>
                </attributekey>
                <attributekey handle="meta_keywords">
                    <value>edit stacks, view stacks, all stacks</value>
                </attributekey>
            </attributes>
        </page>
        <page name="Block Types" path="/dashboard/blocks/types" filename="/dashboard/blocks/types/view.php" pagetype=""
              description="Manage the installed block types in your site." package="">
            <attributes>
                <attributekey handle="meta_keywords">
                    <value>block, refresh, custom</value>
                </attributekey>
            </attributes>
        </page>

        <page name="Extend concrete5" path="/dashboard/extend" filename="/dashboard/extend/view.php" pagetype=""
              description=""
              package="">
            <attributes>
                <attributekey handle="meta_keywords">
                    <value>add-on, addon, add on, package, app, ecommerce, discussions, forums, themes, templates, blocks</value>
                </attributekey>
            </attributes>
        </page>
        <page name="Dashboard" path="/dashboard/news" filename="/dashboard/news.php" pagetype="" description=""
              package="">
            <attributes>
                <attributekey handle="exclude_nav">
                    <value><![CDATA[1]]></value>
                </attributekey>
            </attributes>
            <attributes>
                <attributekey handle="exclude_search_index">
                    <value><![CDATA[1]]></value>
                </attributekey>
            </attributes>
        </page>
        <page name="Add Functionality" path="/dashboard/extend/install" filename="/dashboard/extend/install.php"
              pagetype="" description="Install add-ons &amp; themes." package="">
            <attributes>
                <attributekey handle="meta_keywords">
                    <value>add-on, addon, ecommerce, install, discussions, forums, themes, templates, blocks</value>
                </attributekey>
            </attributes>
        </page>
        <page name="Update Add-Ons" path="/dashboard/extend/update" filename="/dashboard/extend/update.php" pagetype=""
              description="Update your installed packages." package="">
            <attributes>
                <attributekey handle="meta_keywords">
                    <value>update, upgrade</value>
                </attributekey>
            </attributes>
        </page>

        <page name="Connect to the Community" path="/dashboard/extend/connect" filename="/dashboard/extend/connect.php"
              pagetype="" description="Connect to the concrete5 community." package="">
            <attributes>
                <attributekey handle="meta_keywords">
                    <value>concrete5.org, my account, marketplace</value>
                </attributekey>
                <attributekey handle="exclude_nav">
                    <value><![CDATA[1]]></value>
                </attributekey>
            </attributes>
        </page>
        <page name="Get More Themes" path="/dashboard/extend/themes" filename="/dashboard/extend/themes.php" pagetype=""
              description="Download themes from concrete5.org." package="">
            <attributes>
                <attributekey handle="meta_keywords">
                    <value>buy theme, new theme, marketplace, template</value>
                </attributekey>
            </attributes>
        </page>
        <page name="Get More Add-Ons" path="/dashboard/extend/addons" filename="/dashboard/extend/addons.php"
              pagetype="" description="Download add-ons from concrete5.org." package="">
            <attributes>
                <attributekey handle="meta_keywords">
                    <value>buy addon, buy add on, buy add-on, purchase addon, purchase add on, purchase add-on, find addon, new addon, marketplace</value>
                </attributekey>
            </attributes>
        </page>

        <page name="System &amp; Settings" path="/dashboard/system" filename="/dashboard/system/view.php" pagetype=""
              description="Secure and setup your site." package="">
            <attributes>
                <attributekey handle="meta_keywords">
                    <value>dashboard, configuration</value>
                </attributekey>
            </attributes>
        </page>
        <page name="Basics" path="/dashboard/system/basics" filename="/dashboard/system/basics/view.php" pagetype=""
              description="Basic information about your website." package=""/>
        <page name="Site Name" path="/dashboard/system/basics/name" filename="/dashboard/system/basics/name.php"
              pagetype="" description="" package="">
            <attributes>
                <attributekey handle="meta_keywords">
                    <value>website name, title</value>
                </attributekey>
            </attributes>
        </page>
        <page name="Accessibility" path="/dashboard/system/basics/accessibility"
              filename="/dashboard/system/basics/accessibility.php" pagetype="" description="" package="">
            <attributes>
                <attributekey handle="meta_keywords">
                    <value>accessibility, easy mode</value>
                </attributekey>
            </attributes>
        </page>
        <page name="Social Links" path="/dashboard/system/basics/social" filename="/dashboard/system/basics/social.php"
              pagetype="" description="" package="">
            <attributes>
                <attributekey handle="meta_keywords">
                    <value>sharing, facebook, twitter</value>
                </attributekey>
            </attributes>
        </page>
        <page name="Bookmark Icons" path="/dashboard/system/basics/icons" filename="/dashboard/system/basics/icons.php"
              pagetype="" description="Bookmark icon and mobile home screen icon setup." package="">
            <attributes>
                <attributekey handle="meta_keywords">
                    <value>logo, favicon, iphone, icon, bookmark</value>
                </attributekey>
            </attributes>
        </page>
        <page name="Rich Text Editor" path="/dashboard/system/basics/editor"
              filename="/dashboard/system/basics/editor.php" pagetype="" description="" package="">
            <attributes>
                <attributekey handle="meta_keywords">
                    <value>tinymce, content block, fonts, editor, content, overlay</value>
                </attributekey>
            </attributes>
        </page>
        <page name="Languages" path="/dashboard/system/basics/multilingual"
              filename="/dashboard/system/basics/multilingual/view.php" pagetype="" description="" package="">
            <attributes>
                <attributekey handle="meta_keywords">
                    <value>translate, translation, internationalization, multilingual</value>
                </attributekey>
            </attributes>
        </page>
        <page name="Time Zone" path="/dashboard/system/basics/timezone" filename="/dashboard/system/basics/timezone.php"
              pagetype="" description="" package="">
            <attributes>
                <attributekey handle="meta_keywords">
                    <value>timezone, profile, locale</value>
                </attributekey>
            </attributes>
        </page>


        <page name="Multilingual" path="/dashboard/system/multilingual" filename="/dashboard/system/multilingual/view.php" pagetype="" description="Run your site in multiple languages." package="">
            <attributes>
                <attributekey handle="meta_keywords">
                    <value>multilingual, localization, internationalization, i18n</value>
                </attributekey>
            </attributes>
        </page>
        <page name="Multilingual Setup" path="/dashboard/system/multilingual/setup" filename="/dashboard/system/multilingual/setup.php" pagetype=""
              description="" package="" />
        <page name="Copy Languages" path="/dashboard/system/multilingual/copy" filename="/dashboard/system/multilingual/copy.php" pagetype=""
              description="" package="" />
        <page name="Page Report" path="/dashboard/system/multilingual/page_report" filename="/dashboard/system/multilingual/page_report.php" pagetype=""
              description="" package="" />
        <page name="Translate Site Interface" path="/dashboard/system/multilingual/translate_interface" filename="/dashboard/system/multilingual/translate_interface.php" pagetype=""
              description="" package="" />

        <!--
        <page name="Interface Preferences" path="/dashboard/system/basics/images"
              filename="/dashboard/system/basics/images.php" pagetype="" description="" package="">
            <attributes>
                <attributekey handle="meta_keywords">
                    <value>interface, quick nav, dashboard background, background image</value>
                </attributekey>
            </attributes>
        </page>
         //-->

        <page name="SEO &amp; Statistics" path="/dashboard/system/seo" filename="/dashboard/system/seo/view.php"
              pagetype="" description="Enable pretty URLs and tracking codes." package=""/>
        <page name="URLs and Redirection" path="/dashboard/system/seo/urls" filename="/dashboard/system/seo/urls.php" pagetype=""
              description="" package="">
            <attributes>
                <attributekey handle="meta_keywords">
                    <value>vanity, pretty url, redirection, hostname, canonical, seo, pageview, view</value>
                </attributekey>
            </attributes>
        </page>
        <page name="Bulk SEO Updater" path="/dashboard/system/seo/bulk" filename="/dashboard/system/seo/bulk.php"
              pagetype="" description="" package="">
            <attributes>
                <attributekey handle="meta_keywords">
                    <value>bulk, seo, change keywords, engine, optimization, search</value>
                </attributekey>
            </attributes>
        </page>
        <page name="Tracking Codes" path="/dashboard/system/seo/codes" filename="/dashboard/system/seo/codes.php"
              pagetype="" description="" package="">
            <attributes>
                <attributekey handle="meta_keywords">
                    <value>traffic, statistics, google analytics, quant, pageviews, hits</value>
                </attributekey>
            </attributes>
        </page>
        <page name="Excluded URL Word List" path="/dashboard/system/seo/excluded"
              filename="/dashboard/system/seo/excluded.php" pagetype="" description="" package="">
            <attributes>
                <attributekey handle="meta_keywords">
                    <value>pretty, slug</value>
                </attributekey>
            </attributes>
        </page>
        <!--
        <page name="Statistics" path="/dashboard/system/seo/statistics" filename="/dashboard/system/seo/statistics.php"
              pagetype="" description="" package="">
            <attributes>
                <attributekey handle="meta_keywords">
                    <value>turn off statistics, tracking, statistics, pageviews, hits</value>
                </attributekey>
            </attributes>
        </page>
        //-->
        <page name="Search Index" path="/dashboard/system/seo/searchindex"
              filename="/dashboard/system/seo/searchindex.php" pagetype="" description="" package="">
            <attributes>
                <attributekey handle="meta_keywords">
                    <value>configure search, site search, search option</value>
                </attributekey>
            </attributes>
        </page>
        <page name="Files" path="/dashboard/system/files" filename="/dashboard/system/files/view.php" pagetype=""
              description="" package=""/>
        <page name="File Manager Permissions" path="/dashboard/system/files/permissions"
              filename="/dashboard/system/files/permissions.php" pagetype="" description="" package="">
            <attributes>
                <attributekey handle="meta_keywords">
                    <value>file options, file manager, upload, modify</value>
                </attributekey>
            </attributes>
        </page>
        <page name="Allowed File Types" path="/dashboard/system/files/filetypes"
              filename="/dashboard/system/files/filetypes.php" pagetype="" description="" package="">
            <attributes>
                <attributekey handle="meta_keywords">
                    <value>security, files, media, extension, manager, upload</value>
                </attributekey>
            </attributes>
        </page>
        <page name="Thumbnails" path="/dashboard/system/files/thumbnails"
              filename="/dashboard/system/files/thumbnails.php" pagetype="" description="" package="">
            <attributes>
                <attributekey handle="meta_keywords">
                    <value>images, picture, responsive, retina</value>
                </attributekey>
            </attributes>
        </page>
        <page name="File Storage Locations" path="/dashboard/system/files/storage"
              filename="/dashboard/system/files/storage.php" pagetype="" description="" package="">
            <attributes>
                <attributekey handle="meta_keywords">
                    <value>security, alternate storage, hide files</value>
                </attributekey>
            </attributes>
        </page>
        <page name="Optimization" path="/dashboard/system/optimization"
              filename="/dashboard/system/optimization/view.php" pagetype="" description="Keep your site running well."
              package=""/>
        <page name="Cache &amp; Speed Settings" path="/dashboard/system/optimization/cache"
              filename="/dashboard/system/optimization/cache.php" pagetype="" description="" package="">
            <attributes>
                <attributekey handle="meta_keywords">
                    <value>cache option, change cache, override, turn on cache, turn off cache, no cache, page cache, caching</value>
                </attributekey>
            </attributes>
        </page>
        <page name="Clear Cache" path="/dashboard/system/optimization/clearcache"
              filename="/dashboard/system/optimization/clearcache.php" pagetype="" description="" package="">
            <attributes>
                <attributekey handle="meta_keywords">
                    <value>cache option, turn off cache, no cache, page cache, caching</value>
                </attributekey>
            </attributes>
        </page>
        <page name="Automated Jobs" path="/dashboard/system/optimization/jobs"
              filename="/dashboard/system/optimization/jobs.php" pagetype="" description="" package="">
            <attributes>
                <attributekey handle="meta_keywords">
                    <value>index search, reindex search, build sitemap, sitemap.xml, clear old versions, page versions, remove old</value>
                </attributekey>
            </attributes>
        </page>
        <page name="Database Query Log" path="/dashboard/system/optimization/query_log"
              filename="/dashboard/system/optimization/query_log.php" pagetype="" description="" package="">
            <attributes>
                <attributekey handle="meta_keywords">
                    <value>queries, database, mysql</value>
                </attributekey>
            </attributes>
        </page>

        <page name="Permissions &amp; Access" path="/dashboard/system/permissions"
              filename="/dashboard/system/permissions/view.php" pagetype=""
              description="Control who sees and edits your site." package=""/>
        <page name="Site Access" path="/dashboard/system/permissions/site"
              filename="/dashboard/system/permissions/site.php" pagetype="" description="" package="">
            <attributes>
                <attributekey handle="meta_keywords">
                    <value>editors, hide site, offline, private, public, access</value>
                </attributekey>
            </attributes>
        </page>

        <page name="Task Permissions" path="/dashboard/system/permissions/tasks"
              filename="/dashboard/system/permissions/tasks.php" pagetype="" description="" package="">
            <attributes>
                <attributekey handle="meta_keywords">
                    <value>security, actions, administrator, admin, package, marketplace, search</value>
                </attributekey>
            </attributes>
        </page>
        <page name="User Permissions" path="/dashboard/system/permissions/users"
              filename="/dashboard/system/permissions/users.php" pagetype="" description="" package="">
        </page>
        <page name="Advanced Permissions" path="/dashboard/system/permissions/advanced"
              filename="/dashboard/system/permissions/advanced.php" pagetype="" description="" package="">
        </page>
        <page name="IP Blacklist" path="/dashboard/system/permissions/blacklist"
              filename="/dashboard/system/permissions/blacklist.php" pagetype="" description="" package="">
            <attributes>
                <attributekey handle="meta_keywords">
                    <value>security, lock ip, lock out, block ip, address, restrict, access</value>
                </attributekey>
            </attributes>
        </page>
        <page name="Captcha Setup" path="/dashboard/system/permissions/captcha"
              filename="/dashboard/system/permissions/captcha.php" pagetype="" description="" package="">
            <attributes>
                <attributekey handle="meta_keywords">
                    <value>security, registration</value>
                </attributekey>
            </attributes>
        </page>
        <page name="Spam Control" path="/dashboard/system/permissions/antispam"
              filename="/dashboard/system/permissions/antispam.php" pagetype="" description="" package="">
            <attributes>
                <attributekey handle="meta_keywords">
                    <value>antispam, block spam, security</value>
                </attributekey>
            </attributes>
        </page>
        <page name="Maintenance Mode" path="/dashboard/system/permissions/maintenance"
              filename="/dashboard/system/permissions/maintenance.php" pagetype="" description="" package="">
            <attributes>
                <attributekey handle="meta_keywords">
                    <value>lock site, under construction, hide, hidden</value>
                </attributekey>
            </attributes>
        </page>

        <page name="Login &amp; Registration" path="/dashboard/system/registration"
              filename="/dashboard/system/registration/view.php" pagetype=""
              description="Change login behaviors and setup public profiles." package=""/>
        <page name="Login Destination" path="/dashboard/system/registration/postlogin"
              filename="/dashboard/system/registration/postlogin.php" pagetype="" description="" package="">
            <attributes>
                <attributekey handle="meta_keywords">
                    <value>profile, login, redirect, specific, dashboard, administrators</value>
                </attributekey>
            </attributes>
        </page>
        <page name="Public Profiles" path="/dashboard/system/registration/profiles"
              filename="/dashboard/system/registration/profiles.php" pagetype="" description="" package="">
            <attributes>
                <attributekey handle="meta_keywords">
                    <value>member profile, member page, community, forums, social, avatar</value>
                </attributekey>
            </attributes>
        </page>
        <page name="Public Registration" path="/dashboard/system/registration/open"
              filename="/dashboard/system/registration/open.php" pagetype="" description="" package="">
            <attributes>
                <attributekey handle="meta_keywords">
                    <value>signup, new user, community, public registration, public, registration</value>
                </attributekey>
            </attributes>
        </page>
        <page name="Authentication Types" path="/dashboard/system/registration/authentication"
              filename="/dashboard/system/registration/authentication.php" pagetype="" description="" package="">
            <attributes>
                <attributekey handle="meta_keywords">
                    <value>auth, authentication, types, oauth, facebook, login, registration</value>
                </attributekey>
            </attributes>
        </page>

        <page name="Email" path="/dashboard/system/mail" filename="/dashboard/system/mail/view.php" pagetype=""
              description="Control how your site send and processes mail." package="">
            <attributes>
                <attributekey handle="meta_keywords">
                    <value>smtp, mail settings</value>
                </attributekey>
            </attributes>
        </page>
        <page name="SMTP Method" path="/dashboard/system/mail/method" filename="/dashboard/system/mail/method.php"
              pagetype="" description="" package="">
            <attributes>
                <attributekey handle="meta_keywords">
                    <value>email server, mail settings, mail configuration, external, internal</value>
                </attributekey>
            </attributes>
        </page>
        <page name="Test Mail Settings" path="/dashboard/system/mail/method/test"
              filename="/dashboard/system/mail/method/test.php" pagetype="" description="" package="">
            <attributes>
                <attributekey handle="meta_keywords">
                    <value>test smtp, test mail</value>
                </attributekey>
            </attributes>
        </page>
        <page name="Email Importers" path="/dashboard/system/mail/importers"
              filename="/dashboard/system/mail/importers.php" pagetype="" description="" package="">
            <attributes>
                <attributekey handle="meta_keywords">
                    <value>email server, mail settings, mail configuration, private message, message system, import, email, message</value>
                </attributekey>
            </attributes>
        </page>

        <page name="Conversations" path="/dashboard/system/conversations"
              filename="/dashboard/system/conversations/view.php" pagetype=""
              description="Manage your conversations settings" package="">
            <attributes>
                <attributekey handle="meta_keywords">
                    <value>conversations</value>
                </attributekey>
            </attributes>
        </page>
        <page name="Settings" path="/dashboard/system/conversations/settings"
              filename="/dashboard/system/conversations/settings/view.php" pagetype=""
              description="" package="">
            <attributes>
                <attributekey handle="meta_keywords">
                    <value>conversations</value>
                </attributekey>
            </attributes>
        </page>
        <page name="Community Points" path="/dashboard/system/conversations/points"
              filename="/dashboard/system/conversations/points.php" pagetype="" description="" package="">
            <attributes>
                <attributekey handle="meta_keywords">
                    <value>conversations ratings, ratings, community, community points</value>
                </attributekey>
            </attributes>
        </page>
        <page name="Banned Words" path="/dashboard/system/conversations/bannedwords"
              filename="/dashboard/system/conversations/bannedwords.php" pagetype="" description="" package="">
            <attributes>
                <attributekey handle="meta_keywords">
                    <value>conversations bad words, banned words, banned, bad words, bad, words, list</value>
                </attributekey>
            </attributes>
        </page>
        <page name="Conversation Permissions" path="/dashboard/system/conversations/permissions"
              filename="/dashboard/system/conversations/permissions.php" pagetype="" description="" package="">
        </page>
        <page name="Attributes" path="/dashboard/system/attributes" filename="/dashboard/system/attributes/view.php"
              pagetype="" description="Setup attributes for pages, users, files and more." package="">
            <attributes>
                <attributekey handle="meta_keywords">
                    <value>attribute configuration</value>
                </attributekey>
            </attributes>
        </page>
        <page name="Sets" path="/dashboard/system/attributes/sets" filename="/dashboard/system/attributes/sets.php"
              pagetype="" description="Group attributes into sets for easier organization" package="">
            <attributes>
                <attributekey handle="meta_keywords">
                    <value>attributes, sets</value>
                </attributekey>
            </attributes>
        </page>
        <page name="Types" path="/dashboard/system/attributes/types" filename="/dashboard/system/attributes/types.php"
              pagetype="" description="Choose which attribute types are available for different items." package="">
            <attributes>
                <attributekey handle="meta_keywords">
                    <value>attributes, types</value>
                </attributekey>
            </attributes>
        </page>
        <page name="Topics" path="/dashboard/system/attributes/topics"
              filename="/dashboard/system/attributes/topics.php" pagetype="" description="" package="">
            <attributes>
                <attributekey handle="meta_keywords">
                    <value>topics, tags, taxonomy</value>
                </attributekey>
            </attributes>
        </page>
        <page name="Add Topic Tree" path="/dashboard/system/attributes/topics/add"
              filename="/dashboard/system/attributes/topics/add.php" pagetype="" description="" package="">
        </page>
        <page name="Environment" path="/dashboard/system/environment" filename="/dashboard/system/environment/view.php"
              pagetype="" description="Advanced settings for web developers." package="">
            <attributes>
                <attributekey handle="exclude_search_index">
                    <value><![CDATA[1]]></value>
                </attributekey>
            </attributes>
        </page>
        <page name="Environment Information" path="/dashboard/system/environment/info"
              filename="/dashboard/system/environment/info.php" pagetype="" description="" package="">
            <attributes>
                <attributekey handle="meta_keywords">
                    <value>overrides, system info, debug, support, help</value>
                </attributekey>
            </attributes>
        </page>
        <page name="Debug Settings" path="/dashboard/system/environment/debug"
              filename="/dashboard/system/environment/debug.php" pagetype="" description="" package="">
            <attributes>
                <attributekey handle="meta_keywords">
                    <value>errors, exceptions, develop, support, help</value>
                </attributekey>
            </attributes>
        </page>
        <page name="Logging Settings" path="/dashboard/system/environment/logging"
              filename="/dashboard/system/environment/logging.php" pagetype="" description="" package="">
            <attributes>
                <attributekey handle="meta_keywords">
                    <value>email, logging, logs, smtp, pop, errors, mysql, log</value>
                </attributekey>
            </attributes>
        </page>
        <page name="Proxy Server" path="/dashboard/system/environment/proxy"
              filename="/dashboard/system/environment/proxy.php" pagetype=""
              description="" package="">
            <attributes>
                <attributekey handle="meta_keywords">
                    <value>network, proxy server</value>
                </attributekey>
            </attributes>
        </page>
        <page name="Database Entities" path="/dashboard/system/environment/entities"
              filename="/dashboard/system/environment/entities.php" pagetype=""
              description="" package="">
            <attributes>
                <attributekey handle="meta_keywords">
                    <value>database, entities, doctrine, orm</value>
                </attributekey>
            </attributes>
        </page>
        <page name="Backup &amp; Restore" path="/dashboard/system/backup" filename="/dashboard/system/backup/view.php"
              pagetype="" description="Backup or restore your website." package="">
            <attributes>
                <attributekey handle="meta_keywords">
                    <value>export, backup, database, sql, mysql, encryption, restore</value>
                </attributekey>
            </attributes>
        </page>
        <page name="Backup Database" path="/dashboard/system/backup/backup"
              filename="/dashboard/system/backup/backup.php" pagetype="" description="" package=""/>
        <page name="Update concrete5" path="/dashboard/system/backup/update"
              filename="/dashboard/system/backup/update.php" pagetype="" description="" package="">
            <attributes>
                <attributekey handle="meta_keywords">
                    <value>upgrade, new version, update</value>
                </attributekey>
            </attributes>
        </page>

    </singlepages>
    <pagetypes>
        <pagetype handle="core_stack" name="Stack" internal="1" package=""/>
        <pagetype handle="core_stack_category" name="Stack Category" internal="1" package=""/>
        <pagetype handle="dashboard_primary_five" name="Dashboard Primary + Five" internal="1" package=""/>
        <pagetype handle="dashboard_header_four_col" name="Dashboard Header + Four Column" internal="1" package=""/>
        <pagetype handle="dashboard_full" name="Dashboard Full" internal="1" package=""/>
    </pagetypes>

    <pagetemplates>
        <pagetemplate handle="core_stack" name="Stack" internal="1" package=""/>
        <pagetemplate handle="dashboard_primary_five" name="Dashboard Primary + Five" internal="1" package=""/>
        <pagetemplate handle="dashboard_header_four_col" name="Dashboard Header + Four Column" internal="1" package=""/>
        <pagetemplate handle="dashboard_full" name="Dashboard Full" internal="1" package=""/>
    </pagetemplates>
    <pages>
        <page name="Welcome to concrete5" path="/dashboard/welcome" filename=""
              description="Learn about how to use concrete5, how to develop for concrete5, and get general help."
              template="dashboard_full">
            <attributes>
                <attributekey handle="exclude_nav">
                    <value><![CDATA[1]]></value>
                </attributekey>
            </attributes>
            <area name="Main">
                <blocks>
                <block type="content" name="">
                    <data table="btContentLocal">
                        <record>
                            <content><![CDATA[<div style="padding: 40px; text-align: center">
<iframe width="853" height="480" src="//www.youtube.com/embed/VB-R71zk06U" frameborder="0" allowfullscreen></iframe>
                                    </div>]]></content>
                        </record>
                    </data>
                </block>
                </blocks>
            </area>
        </page>

        <page name="Customize Dashboard Home" path="/dashboard/home" filename="" template="dashboard_primary_five"
              description="" package="">
            <attributes>
                <attributekey handle="exclude_nav">
                    <value><![CDATA[1]]></value>
                </attributekey>
                <attributekey handle="exclude_search_index">
                    <value><![CDATA[1]]></value>
                </attributekey>
            </attributes>
            <area name="Primary">
                <blocks>
                <block type="dashboard_app_status" name=""/>
                <block type="dashboard_site_activity" name=""/>
                </blocks>
            </area>
            <area name="Secondary 1">
                <blocks>
                <block type="dashboard_newsflow_latest" name="">
                    <data table="btDashboardNewsflowLatest">
                        <record>
                            <slot>A</slot>
                        </record>
                    </data>
                </block>
                </blocks>
            </area>
            <area name="Secondary 2">
                <blocks>
                <block type="dashboard_newsflow_latest" name="">
                    <data table="btDashboardNewsflowLatest">
                        <record>
                            <slot>B</slot>
                        </record>
                    </data>
                </block>
                </blocks>
            </area>
            <area name="Secondary 3">
                <blocks>
                <block type="dashboard_featured_theme" name=""/>
                </blocks>
            </area>
            <area name="Secondary 4">
                <blocks>
                <block type="dashboard_featured_addon" name=""/>
                </blocks>
            </area>
            <area name="Secondary 5">
                <blocks>
                <block type="dashboard_newsflow_latest" name="">
                    <data table="btDashboardNewsflowLatest">
                        <record>
                            <slot>C</slot>
                        </record>
                    </data>
                </block>
                </blocks>
            </area>
        </page>
    </pages>
</concrete5-cif>
