<?xml version="1.0"?>
<schema version="0.3">
	<table name="btVideo">
		<field name="bID" type="I">
			<key />
			<unsigned />
		</field>
        <field name="webmfID" type="I">
            <unsigned />
            <default value="0" />
        </field>
        <field name="oggfID" type="I">
            <unsigned />
            <default value="0" />
        </field>
        <field name="posterfID" type="I">
            <unsigned />
            <default value="0" />
        </field>
        <field name="mp4fID" type="I">
            <unsigned />
            <default value="0" />
        </field>
		<field name="width" type="I">
			<unsigned />
		</field>
		<field name="height" type="I">
			<unsigned />
		</field>
	</table>
</schema>