<?xml version="1.0"?>
<schema version="0.3">
	<table name="btPageAttributeDisplay">
		<field name="bID" type="I">
			<key />
			<unsigned />
		</field>
		<field name="attributeHandle" type="C" size="255">
		</field>
		<field name="attributeTitleText" type="C" size="255">
		</field>
		<field name="displayTag" type="C" size="255">
		</field>
		<field name="dateFormat" type="C" size="100">
            <default value="div" />
		</field>
		<field name="thumbnailHeight" type="I">
			<unsigned />
		</field>
		<field name="thumbnailWidth" type="I">
			<unsigned />
		</field>
	</table>
</schema>
